Name,Date of Birth,Joined Time (years),Location,History Orders - Date/Time,last_order,Restaurant,Dishes,Total Spending,Waiting Time for Delivery (min),Browsing Time before Confirming (min)
Amelia Johnson,1999-10-24,5,,"['2023-04-24 20:33:30', '2023-01-23 20:33:30', '2022-12-23 20:33:30', '2023-03-27 20:33:30', '2022-09-11 20:33:30', '2023-02-28 20:33:30', '2022-12-12 20:33:30']",2022-12-12 20:33,"['Curry Fusion', 'Sunrise Cafe', 'Greek Euphoria', 'Bella Trattoria', 'Ramen Haven', 'Napoli Ristorante', 'Morning Munchies']","[['Vegetable Biryani', 'Chicken Tikka Masala'], ['Coffee', 'Breakfast Sandwiches'], ['Baklava', 'Greek Salad', 'Gyro Platter'], ['Osso Buco', 'Risotto'], ['Ramen Bowls'], ['Lasagna', 'Margherita Pizza'], ['Breakfast Burritos', 'French Toast', 'Coffee']]",157,317,63
Benjamin Smith,2001-04-06,1,,"['2023-08-12 20:33:30', '2022-11-25 20:33:30', '2022-09-30 20:33:30']",2022-09-30 20:33,"['Greek Euphoria', 'Spice Delights', 'Buona Sera']","[['Baklava', 'Gyro Platter', 'Greek Salad'], ['Naan'], ['Osso Buco']]",56.5,130,62
Chloe Williams,1994-10-16,4,,"['2022-10-14 20:33:30', '2022-10-24 20:33:30', '2023-04-10 20:33:30', '2022-10-19 20:33:30', '2022-10-20 20:33:30', '2023-03-04 20:33:30', '2023-06-04 20:33:30', '2023-07-02 20:33:30', '2023-04-26 20:33:30', '2023-08-05 20:33:30']",2023-08-05 20:33,"['Fresh Catch Seafood', 'Mediterranean Breeze', 'Mediterranean Breeze', 'Fusion Fusion', 'Curry Fusion', 'Tokyo Serenity', 'Le Petite Patisserie', 'Global Fusion', 'Pasta Paradise', 'Le Petit Cafe']","[['Crab Cakes', 'Seafood Platter', 'Lobster Tail'], ['Greek Salad'], ['Gyro Wrap', 'Greek Salad', 'Spanakopita'], ['Kimchi Fried Rice'], ['Chicken Tikka Masala', 'Vegetable Biryani'], ['Green Tea Ice Cream', 'Teriyaki', 'Sashimi Platter'], ['Croissant', 'Pain au Chocolat', 'Quiche'], ['Kimchi Fried Rice', 'Sushi Tacos'], ['Spaghetti Carbonara', 'Tiramisu'], ['Croissant', 'Macarons']]",341.5,245,83
Daniel Brown,1996-01-25,4,,"['2022-10-21 20:33:30', '2022-12-07 20:33:30', '2022-08-18 20:33:30', '2022-11-24 20:33:30', '2022-08-29 20:33:30', '2023-05-04 20:33:30', '2023-05-08 20:33:30', '2022-10-02 20:33:30', '2023-03-17 20:33:30']",2023-03-17 20:33,"['Trattoria Amore', 'Le Petit Cafe', 'Ramen Haven', 'Greek Taverna', 'La Dolce Vita', 'Ch?teau Cuisine', 'Napoli Ristorante', 'Tacos y M?s', 'Morning Munchies']","[['Lasagna', 'Tiramisu'], ['Beef Bourguignon'], ['Matcha Ice Cream'], ['Baklava', 'Moussaka', 'Gyro Platter'], ['Espresso', 'Tiramisu'], ['Beef Bourguignon', 'Creme Brulee', 'Escargot'], ['Margherita Pizza', 'Lasagna'], ['Tacos', 'Margaritas'], ['Breakfast Burritos', 'Coffee', 'French Toast']]",268.5,340,70
Emily Davis,1994-03-05,4,,"['2023-07-10 20:33:30', '2023-06-02 20:33:30', '2023-04-13 20:33:30', '2023-01-17 20:33:30', '2023-05-18 20:33:30', '2022-12-07 20:33:30', '2022-12-11 20:33:30', '2022-12-26 20:33:30', '2023-01-19 20:33:30']",2023-01-19 20:33,"['Tokyo Serenity', 'Pizzeria Paradiso', 'Spice Delights', 'Pizzeria Bella', 'Spice Route', 'Spice Delight', 'Napoli Ristorante', 'Ramen Haven', 'Ch?teau Cuisine']","[['Sashimi Platter', 'Green Tea Ice Cream'], ['Calzone', 'Cannoli', 'Margherita Pizza'], ['Naan', 'Chicken Curry', 'Mango Lassi'], ['Pasta Alfredo', 'Cannoli', 'Margherita Pizza'], ['Gulab Jamun', 'Chicken Korma', 'Masala Dosa'], ['Tom Yum Soup'], ['Margherita Pizza'], ['Matcha Ice Cream', 'Gyoza', 'Ramen Bowls'], ['Escargot', 'Creme Brulee', 'Beef Bourguignon']]",330.5,232,86
Finn Anderson,2001-03-07,2,,"['2023-08-12 20:33:30', '2023-06-08 20:33:30', '2023-01-24 20:33:30', '2023-04-13 20:33:30', '2022-11-16 20:33:30']",2022-11-16 20:33,"['Ch?teau Cuisine', 'Dolce Vita', 'Seafood Delight', 'Sushi Zen', 'Fusion Fusion']","[['Escargot', 'Beef Bourguignon', 'Creme Brulee'], ['Filet Mignon', 'Caprese Salad'], ['Crab Legs'], ['Sashimi', 'Tempura'], ['Cocktails', 'Sushi Tacos', 'Kimchi Fried Rice']]",182.5,195,96
Grace Martinez,1998-01-13,4,,"['2022-11-09 20:33:30', '2022-12-24 20:33:30', '2022-10-30 20:33:30']",2022-10-30 20:33,"[""Joe's Diner"", 'Sushi Serenity', 'Tokyo Serenity']","[['Pancakes', 'Salads'], ['Sashimi', 'Sushi Rolls', 'Miso Soup'], ['Teriyaki', 'Green Tea Ice Cream']]",93,118,64
Henry Taylor,1999-06-05,5,,"['2023-08-02 20:33:30', '2023-06-23 20:33:30', '2023-03-10 20:33:30']",2023-03-10 20:33,"['Curry Fusion', 'Spice Delights', 'Tokyo Nights']","[['Vegetable Biryani', 'Chicken Tikka Masala'], ['Chicken Curry', 'Naan'], ['Tempura']]",69.5,128,74
Isabella Rodriguez,1995-08-02,5,,"['2022-09-10 20:33:30', '2023-04-11 20:33:30', '2022-12-20 20:33:30', '2022-12-23 20:33:30', '2022-12-26 20:33:30', '2023-06-23 20:33:30', '2023-05-14 20:33:30']",2023-05-14 20:33,"['Mexican Fiesta', 'Pizzeria Paradiso', 'Sunny Side Bistro', 'Le Petite Patisserie', 'Napoli Ristorante', 'Sushi Serenity', 'Dolce Vita']","[['Churros'], ['Margherita Pizza', 'Calzone', 'Cannoli'], ['Pancakes', 'Avocado Toast'], ['Quiche', 'Pain au Chocolat'], ['Lasagna', 'Cannoli'], ['Sushi Rolls'], ['Caprese Salad', 'Tiramisu', 'Filet Mignon']]",215.5,181,96
Jack Wilson,1994-09-22,1,,"['2022-10-31 20:33:30', '2022-08-24 20:33:30', '2023-01-09 20:33:30', '2023-04-21 20:33:30', '2022-11-10 20:33:30', '2023-02-17 20:33:30', '2023-04-03 20:33:30', '2022-09-14 20:33:30', '2023-02-07 20:33:30', '2022-12-01 20:33:30']",2022-12-01 20:33,"['Fusion Flavors', 'Beijing Bistro', 'Dolce Vita', 'Curry Fusion', 'Sabor Mexicano', 'Spice Route', 'Global Fusion', 'Tacos y M?s', 'Napoli Ristorante', 'Beijing Bistro']","[['Sushi Tacos', 'Curry Pizza'], ['Fried Rice', 'Orange Chicken'], ['Filet Mignon', 'Caprese Salad', 'Tiramisu'], ['Chicken Tikka Masala'], ['Chiles Rellenos', 'Quesadillas'], ['Chicken Korma', 'Gulab Jamun'], ['Sushi Tacos'], ['Margaritas', 'Tacos'], ['Cannoli'], ['Spring Rolls', 'Orange Chicken', 'Fried Rice']]",227,410,96
Kate Lee,1994-07-19,3,,"['2023-05-10 20:33:30', '2023-04-16 20:33:30', '2023-03-19 20:33:30', '2022-11-14 20:33:30']",2022-11-14 20:33,"['Curry Palace', 'Tokyo Serenity', 'Tacos y M?s', 'Trattoria Amore']","[['Naan', 'Butter Chicken'], ['Teriyaki', 'Green Tea Ice Cream', 'Sashimi Platter'], ['Tacos'], ['Seafood Linguine', 'Lasagna', 'Tiramisu']]",134.5,109,78
Liam Garcia,1996-05-25,4,,"['2023-04-02 20:33:30', '2022-10-28 20:33:30', '2022-10-25 20:33:30']",2022-10-25 20:33,"['Ramen King', 'Beijing Bites', 'La Dolce Vita']","[['Matcha Parfait', 'Takoyaki', 'Ramen Bowls'], ['Dim Sum', 'Fried Rice'], ['Tiramisu', 'Espresso', 'Linguine Carbonara']]",123.5,139,77
Mia Hernandez,1997-03-19,2,,"['2023-05-15 20:33:30', '2023-07-13 20:33:30', '2023-01-18 20:33:30', '2023-05-13 20:33:30', '2023-07-12 20:33:30']",2023-07-12 20:33,"['La Dolce Vita', 'Greek Euphoria', 'Morning Sunshine', 'Tokyo Nights', 'Seafood Delight']","[['Espresso', 'Tiramisu', 'Linguine Carbonara'], ['Baklava', 'Gyro Platter'], ['Omelettes', 'Coffee'], ['Sashimi Platter', 'Tempura', 'Matcha Ice Cream'], ['Shrimp Scampi', 'Crab Legs', 'Clam Chowder']]",196,202,56
Noah Martinez,1999-04-03,2,,"['2022-09-12 20:33:30', '2022-09-26 20:33:30', '2023-03-26 20:33:30', '2022-10-23 20:33:30', '2023-06-16 20:33:30', '2023-03-29 20:33:30']",2023-03-29 20:33,"['Chez Marie', 'Le Petite Patisserie', ""Joe's Diner"", 'Morning Delights', 'Fusion Flavors', 'Sushi Serenity']","[['Escargot', 'Creme Brulee', ""Duck ? l'Orange""], ['Pain au Chocolat'], ['Pancakes', 'Salads', 'Burgers'], ['Coffee', 'Waffles'], ['Sushi Tacos', 'Curry Pizza'], ['Miso Soup', 'Sushi Rolls']]",176.5,254,68
Olivia Johnson,2001-05-15,4,,"['2022-12-16 20:33:30', '2022-09-05 20:33:30', '2022-12-02 20:33:30']",2022-12-02 20:33,"['Bistro Francais', 'Morning Sunshine', 'Bistro Francais']","[['Crepes', 'Escargot'], ['Pancakes', 'Omelettes'], ['Coq au Vin']]",88.5,144,63
Patrick Clark,1995-09-02,1,,"['2023-04-02 20:33:30', '2022-10-04 20:33:30', '2023-03-12 20:33:30', '2022-11-25 20:33:30', '2023-08-12 20:33:30', '2023-05-26 20:33:30', '2022-10-06 20:33:30', '2023-05-27 20:33:30']",2023-05-27 20:33,"['Sushi Haven', 'Le Croissant', 'La Dolce Vita', 'Sunrise Cafe', 'Beijing Bistro', 'Curry House', 'Pizzeria Bella', 'Napoli Trattoria']","[['Miso Soup'], ['Macarons', 'Croissant'], ['Linguine Carbonara', 'Tiramisu', 'Espresso'], ['Waffles'], ['Fried Rice', 'Spring Rolls', 'Orange Chicken'], ['Vegetable Biryani', 'Chicken Tikka Masala'], ['Margherita Pizza', 'Pasta Alfredo', 'Cannoli'], ['Cannoli', 'Lasagna', 'Margherita Pizza']]",243.5,365,76
Quinn White,2001-03-07,2,,"['2023-03-22 20:33:30', '2023-07-16 20:33:30', '2022-10-15 20:33:30', '2022-12-19 20:33:30', '2022-09-18 20:33:30', '2023-01-02 20:33:30', '2022-11-22 20:33:30']",2022-11-22 20:33,"['Seafood Harbor', 'Spice Delights', 'Le Croissant', 'Fusion Fusion', 'Pizzeria Bella', 'La Dolce Vita', 'Le Parfait']","[['Clam Chowder', 'Crab Legs'], ['Naan'], ['Macarons', 'Croissant', 'Quiche'], ['Cocktails', 'Kimchi Fried Rice'], ['Margherita Pizza'], ['Espresso'], ['Foie Gras']]",172.5,251,53
Ruby Martinez,1996-06-12,3,,"['2023-06-24 20:33:30', '2023-01-23 20:33:30', '2023-05-10 20:33:30', '2022-12-27 20:33:30', '2022-09-27 20:33:30', '2023-07-21 20:33:30', '2023-05-08 20:33:30', '2022-12-22 20:33:30']",2022-12-22 20:33,"['Delightful Eats', 'Napoli Ristorante', 'Spice Delights', 'Casa de Tapas', 'Napoli Ristorante', 'Ch?teau Cuisine', 'Dolce Vita', 'Beijing Bistro']","[['Omelettes'], ['Tiramisu', 'Margherita Pizza', 'Lasagna'], ['Mango Lassi', 'Chicken Curry'], ['Patatas Bravas'], ['Lasagna', 'Margherita Pizza'], ['Creme Brulee'], ['Caprese Salad', 'Filet Mignon', 'Tiramisu'], ['Orange Chicken', 'Fried Rice']]",192,324,72
Samuel Turner,2001-06-17,1,,"['2022-10-08 20:33:30', '2023-07-24 20:33:30', '2023-06-12 20:33:30', '2023-03-23 20:33:30', '2023-01-02 20:33:30', '2023-03-01 20:33:30', '2023-02-25 20:33:30']",2023-02-25 20:33,"['Pizzeria Bella', 'Delightful Eats', 'Curry House', 'Seafood Delight', 'Ramen Haven', 'Ch?teau Cuisine', 'Bella Vita']","[['Cannoli', 'Margherita Pizza', 'Pasta Alfredo'], ['Milkshakes', 'Waffles'], ['Vegetable Biryani'], ['Crab Legs', 'Shrimp Scampi', 'Clam Chowder'], ['Gyoza', 'Ramen Bowls'], ['Escargot'], ['Cannoli', 'Filet Mignon']]",212,221,67
Taylor Harris,1996-06-28,3,,"['2023-04-07 20:33:30', '2023-02-19 20:33:30', '2023-03-10 20:33:30']",2023-03-10 20:33,"['Amore Trattoria', 'Le Petite Patisserie', 'Bistro Francais']","[['Tiramisu', 'Caprese Salad', 'Risotto'], ['Croissant', 'Pain au Chocolat', 'Quiche'], ['Escargot', 'Coq au Vin', 'Crepes']]",171.5,67,55
Victoria Lewis,1997-12-10,2,,"['2023-07-26 20:33:30', '2023-04-14 20:33:30', '2022-11-22 20:33:30', '2022-11-09 20:33:30', '2023-01-18 20:33:30', '2023-03-06 20:33:30', '2022-10-28 20:33:30', '2023-03-13 20:33:30', '2023-01-27 20:33:30']",2023-01-27 20:33,"['Sushi Serenity', 'Greek Taverna', 'Seafood Delight', 'Spice Haven', ""Ocean's Bounty"", 'Seafood Harbor', 'Tokyo Serenity', 'Seafood Delight', 'La Cantina']","[['Sushi Rolls'], ['Gyro Platter'], ['Crab Legs'], ['Mango Lassi', 'Chicken Curry'], ['Shrimp Scampi', 'Crab Legs'], ['Shrimp Scampi', 'Clam Chowder', 'Crab Legs'], ['Sashimi Platter'], ['Crab Legs', 'Clam Chowder'], ['Tacos', 'Guacamole']]",214.5,341,73
William Jackson,1996-07-19,4,,"['2023-06-01 20:33:30', '2023-03-07 20:33:30', '2023-02-28 20:33:30', '2023-04-10 20:33:30', '2023-06-08 20:33:30']",2023-06-08 20:33,"['Tacos y M?s', 'Ch?teau Cuisine', 'Beijing Bistro', 'Spicy Curry', 'Greek Taverna']","[['Margaritas', 'Quesadillas', 'Tacos'], ['Escargot'], ['Spring Rolls', 'Orange Chicken'], ['Mango Lassi', 'Aloo Gobi'], ['Gyro Platter']]",120.5,227,91
Zoe Thompson,2000-07-29,5,,"['2023-07-10 20:33:30', '2023-02-20 20:33:30', '2023-01-04 20:33:30', '2022-12-10 20:33:30']",2022-12-10 20:33,"['Sushi Serenity', 'Ramen King', 'Pizzeria Bella', 'Trattoria Bella']","[['Sushi Rolls', 'Sashimi'], ['Ramen Bowls'], ['Pasta Alfredo', 'Margherita Pizza', 'Cannoli'], ['Chicken Marsala', 'Tiramisu']]",138,168,62
Alex Mitchell,1999-08-10,2,,"['2023-07-09 20:33:30', '2023-02-14 20:33:30', '2022-11-20 20:33:30', '2022-09-16 20:33:30', '2023-07-19 20:33:30', '2023-05-22 20:33:30']",2023-05-22 20:33,"['Morning Delights', 'Pasta Paradise', 'Thai Orchid', 'Spicy Curry', 'BBQ Haven', 'Seafood Delight']","[['Coffee'], ['Ravioli', 'Spaghetti Carbonara'], ['Mango Sticky Rice'], ['Aloo Gobi'], ['Pulled Pork Sandwich', 'Cornbread'], ['Crab Legs', 'Shrimp Scampi', 'Clam Chowder']]",138,143,51
Bella Walker,1994-03-24,2,,"['2022-09-20 20:33:30', '2022-09-07 20:33:30', '2023-07-28 20:33:30']",2023-07-28 20:33,"['Sunrise Cafe', 'Morning Delights', 'Beijing Bistro']","[['Breakfast Sandwiches', 'Waffles', 'Coffee'], ['Waffles', 'Breakfast Burritos', 'Coffee'], ['Spring Rolls', 'Fried Rice', 'Orange Chicken']]",62,120,44
Caleb Adams,1999-02-09,3,,"['2023-02-27 20:33:30', '2022-10-27 20:33:30', '2022-11-03 20:33:30', '2022-11-02 20:33:30', '2023-06-27 20:33:30', '2023-03-29 20:33:30']",2023-03-29 20:33,"['Beijing Bistro', 'Seafood Delight', 'Tacos y M?s', 'Greek Euphoria', 'Napoli Pizzeria', 'Tokyo Delights']","[['Orange Chicken', 'Spring Rolls'], ['Shrimp Scampi', 'Clam Chowder'], ['Tacos', 'Margaritas'], ['Gyro Platter'], ['Calzone', 'Tiramisu', 'Margherita Pizza'], ['Tempura', 'Teppanyaki', 'Miso Soup']]",135.5,246,60
Dakota King,1994-06-19,2,,"['2023-03-24 20:33:30', '2023-03-22 20:33:30', '2022-09-11 20:33:30', '2022-08-19 20:33:30', '2022-08-24 20:33:30']",2022-08-24 20:33,"['Napoli Ristorante', 'Tacos y M?s', 'Mediterranean Breeze', 'Zen Sushi', 'Spice Delights']","[['Margherita Pizza'], ['Margaritas'], ['Greek Salad', 'Gyro Wrap', 'Spanakopita'], ['Sashimi', 'Sushi Rolls', 'Tempura'], ['Naan', 'Chicken Curry']]",121,179,99
Elijah Young,2002-07-29,4,,"['2022-09-29 20:33:30', '2022-10-06 20:33:30', '2022-12-10 20:33:30', '2022-12-30 20:33:30', '2023-07-13 20:33:30', '2022-10-04 20:33:30', '2022-08-20 20:33:30']",2022-08-20 20:33,"['Spice Delicacies', 'Ramen Haven', 'Osaka Ramen', 'Noodle House', 'Casa de Tapas', 'Le Parfait', 'Spice Haven']","[['Masala Chai'], ['Matcha Ice Cream'], ['Ramen Bowls'], ['Spring Rolls', 'Pho'], ['Paella', 'Churros', 'Patatas Bravas'], ['Foie Gras', 'Coq au Vin'], ['Chicken Curry', 'Aloo Paratha']]",181,335,73
Fiona Turner,1996-08-05,3,,"['2023-07-07 20:33:30', '2022-11-24 20:33:30', '2022-10-17 20:33:30', '2023-05-09 20:33:30', '2023-07-19 20:33:30', '2023-02-16 20:33:30', '2023-05-29 20:33:30', '2022-10-16 20:33:30']",2022-10-16 20:33,"['Napoli Pizzeria', 'Seafood Delight', 'Tokyo Serenity', 'Sushi Serenity', 'Spice Delights', 'Dolce Vita', 'Seafood Delight', 'Beijing Bistro']","[['Calzone', 'Margherita Pizza', 'Tiramisu'], ['Crab Legs', 'Shrimp Scampi'], ['Sashimi Platter', 'Teriyaki'], ['Miso Soup'], ['Chicken Curry', 'Mango Lassi'], ['Caprese Salad'], ['Shrimp Scampi', 'Clam Chowder', 'Crab Legs'], ['Orange Chicken', 'Spring Rolls']]",217,294,69
Gabriel Mitchell,2003-08-02,2,,"['2023-01-14 20:33:30', '2023-07-16 20:33:30', '2023-06-26 20:33:30', '2023-04-20 20:33:30', '2023-04-15 20:33:30']",2023-04-15 20:33,"['Morning Delights', 'Le Petite Patisserie', 'Curry House', 'Global Fusion', 'Tasty Tacos']","[['Coffee', 'Waffles', 'Breakfast Burritos'], ['Pain au Chocolat', 'Croissant', 'Quiche'], ['Vegetable Biryani'], ['Sushi Tacos'], ['Margaritas']]",99.5,183,82
Hannah Thomas,2002-06-30,2,,"['2022-10-28 20:33:30', '2022-10-03 20:33:30', '2023-03-26 20:33:30', '2023-03-24 20:33:30', '2022-10-20 20:33:30', '2022-12-25 20:33:30']",2022-12-25 20:33,"['Dolce Vita', 'Morning Delights', 'Curry Fusion', 'Sushi Haven', 'Trattoria Bella', 'Beijing Bistro']","[['Tiramisu', 'Filet Mignon'], ['Breakfast Burritos'], ['Chicken Tikka Masala'], ['Miso Soup', 'Sushi Rolls', 'Sashimi'], ['Bruschetta', 'Tiramisu', 'Chicken Marsala'], ['Spring Rolls', 'Orange Chicken', 'Fried Rice']]",178.5,225,55
Isaac Robinson,1994-04-11,1,,"['2022-12-31 20:33:30', '2022-10-16 20:33:30', '2023-03-20 20:33:30']",2023-03-20 20:33,"['Spice Delights', 'Pasta Bella', 'Buona Sera']","[['Chicken Curry', 'Mango Lassi', 'Naan'], ['Penne Arrabbiata'], ['Lobster Ravioli', 'Osso Buco']]",97,76,46
Jasmine Hill,1994-11-19,2,,"['2023-02-13 20:33:30', '2023-04-26 20:33:30', '2022-09-19 20:33:30', '2022-12-18 20:33:30', '2023-02-15 20:33:30', '2023-04-30 20:33:30', '2023-08-09 20:33:30', '2022-08-26 20:33:30', '2023-01-18 20:33:30']",2023-01-18 20:33,"['Fusion Fusion', 'Dolce Vita', 'Sushi Serenity', 'Sunny Side Bistro', 'Pizzeria Bella', 'Tacos y M?s', 'Ramen Universe', 'Ramen Haven', 'Morning Delights']","[['Cocktails', 'Sushi Tacos', 'Kimchi Fried Rice'], ['Caprese Salad', 'Tiramisu', 'Filet Mignon'], ['Miso Soup', 'Sashimi'], ['Avocado Toast', 'Omelettes'], ['Pasta Alfredo'], ['Quesadillas', 'Tacos', 'Margaritas'], ['Gyoza', 'Matcha Parfait'], ['Ramen Bowls', 'Gyoza', 'Matcha Ice Cream'], ['Breakfast Burritos', 'Coffee', 'Waffles']]",308,298,79
Kevin Parker,2000-04-13,4,,"['2023-02-20 20:33:30', '2022-12-18 20:33:30', '2023-02-20 20:33:30']",2023-02-20 20:33,"['Dolce Vita', 'Morning Delights', 'Spice Delights']","[['Tiramisu'], ['Breakfast Burritos'], ['Naan', 'Chicken Curry', 'Mango Lassi']]",62,106,50
Lily Scott,1997-06-12,5,,"['2022-12-21 20:33:30', '2022-11-22 20:33:30', '2023-06-12 20:33:30', '2023-01-28 20:33:30', '2022-09-26 20:33:30', '2023-04-29 20:33:30', '2023-07-21 20:33:30', '2023-07-06 20:33:30']",2023-07-06 20:33,"['Beijing Delights', 'Pizzeria Bella', 'Mexican Fiesta', 'Amore Trattoria', 'Buona Sera', 'Beijing Bistro', 'Bistro Francais', 'Casa de Tapas']","[['Sweet and Sour Chicken', 'Dumplings'], ['Margherita Pizza'], ['Churros', 'Nachos', 'Burritos'], ['Tiramisu', 'Risotto'], ['Lobster Ravioli', 'Osso Buco'], ['Orange Chicken', 'Fried Rice'], ['Escargot', 'Crepes'], ['Churros', 'Paella']]",224,322,70
Mason Evans,2001-08-02,1,,"['2023-05-29 20:33:30', '2023-06-26 20:33:30', '2022-08-22 20:33:30', '2023-07-25 20:33:30', '2023-04-12 20:33:30']",2023-04-12 20:33,"['Curry Palace', 'Tacos y M?s', 'Spice Haven', 'Spice Delicacies', 'La Dolce Vita']","[['Biryani', 'Naan'], ['Margaritas', 'Quesadillas'], ['Aloo Paratha', 'Mango Lassi'], ['Biryani', 'Masala Chai'], ['Linguine Carbonara', 'Tiramisu', 'Espresso']]",158,165,53
Natalie Phillips,1998-05-01,1,,"['2022-09-06 20:33:30', '2023-01-11 20:33:30', '2023-07-28 20:33:30', '2022-11-23 20:33:30', '2022-12-22 20:33:30', '2022-10-28 20:33:30', '2022-09-16 20:33:30', '2022-10-29 20:33:30', '2023-05-06 20:33:30', '2023-05-19 20:33:30']",2023-05-19 20:33,"['Tacos y M?s', 'Morning Sunshine', 'Tokyo Delights', 'Chez Marie', 'Beijing Bistro', 'Tacos y M?s', 'Spice Haven', 'Greek Euphoria', 'Ch?teau Cuisine', 'Spice Haven']","[['Margaritas', 'Quesadillas', 'Tacos'], ['Coffee'], ['Tempura', 'Miso Soup', 'Teppanyaki'], ['Creme Brulee'], ['Spring Rolls', 'Fried Rice', 'Orange Chicken'], ['Tacos', 'Margaritas'], ['Chicken Curry', 'Mango Lassi', 'Aloo Paratha'], ['Gyro Platter'], ['Escargot', 'Beef Bourguignon'], ['Chicken Curry', 'Aloo Paratha']]",278,372,90
Owen Davis,2000-08-03,5,,"['2023-05-31 20:33:30', '2023-04-03 20:33:30', '2022-11-22 20:33:30', '2022-12-21 20:33:30', '2023-05-11 20:33:30', '2023-04-27 20:33:30', '2023-06-17 20:33:30', '2023-06-14 20:33:30', '2022-09-07 20:33:30', '2022-10-20 20:33:30']",2022-10-20 20:33,"['Sakura Garden', 'Curry Fusion', 'Beijing Bistro', 'Gourmet Grind', 'Greek Taverna', 'Tokyo Serenity', 'Belle Cuisine', 'Tokyo Serenity', 'Greek Taverna', 'Tokyo Serenity']","[['Green Tea Ice Cream', 'Udon', 'Teppanyaki'], ['Vegetable Biryani'], ['Fried Rice'], ['Avocado Toast'], ['Moussaka'], ['Sashimi Platter'], ['Duck Confit'], ['Green Tea Ice Cream'], ['Moussaka', 'Baklava'], ['Teriyaki']]",185,355,83
Peyton Turner,1994-06-29,2,,"['2022-12-18 20:33:30', '2022-12-22 20:33:30', '2023-07-11 20:33:30', '2022-11-19 20:33:30', '2023-07-06 20:33:30', '2022-12-15 20:33:30', '2023-02-20 20:33:30']",2023-02-20 20:33,"['Tokyo Serenity', 'Ramen Haven', 'Sushi Serenity', 'Beijing Delights', 'Amore Trattoria', 'Pasta Bella', 'Tokyo Delights']","[['Sashimi Platter', 'Green Tea Ice Cream'], ['Matcha Ice Cream', 'Ramen Bowls'], ['Sushi Rolls', 'Miso Soup', 'Sashimi'], ['Fried Rice'], ['Risotto'], ['Penne Arrabbiata', 'Chicken Parmesan'], ['Teppanyaki', 'Miso Soup', 'Tempura']]",179.5,319,56
Quinn Adams,1996-09-29,2,,"['2022-09-06 20:33:30', '2023-01-07 20:33:30', '2023-03-28 20:33:30', '2023-07-23 20:33:30', '2022-09-04 20:33:30', '2023-04-23 20:33:30', '2023-07-10 20:33:30', '2023-04-11 20:33:30', '2023-01-29 20:33:30']",2023-01-29 20:33,"['Tacos y M?s', 'Fusion Fusion', 'Spice Haven', 'Le Petit Patisserie', 'Tacos y M?s', 'Tokyo Serenity', 'Ch?teau Cuisine', 'Mexican Fiesta', 'Tokyo Serenity']","[['Margaritas', 'Quesadillas'], ['Kimchi Fried Rice'], ['Aloo Paratha'], ['Pain au Chocolat', 'Eclairs'], ['Tacos'], ['Green Tea Ice Cream'], ['Escargot'], ['Burritos', 'Nachos', 'Churros'], ['Green Tea Ice Cream']]",185,302,80
Riley Martinez,2001-01-15,5,,"['2023-03-10 20:33:30', '2023-03-07 20:33:30', '2022-12-26 20:33:30', '2023-08-11 20:33:30', '2023-06-05 20:33:30', '2022-10-04 20:33:30', '2023-04-15 20:33:30']",2023-04-15 20:33,"['Bistro Francais', 'Morning Delights', 'Sushi Zen', 'Sabor Mexicano', 'Bella Vita', 'Ramen Universe', 'Petite Boulangerie']","[['Crepes', 'Coq au Vin', 'Escargot'], ['Breakfast Burritos', 'Waffles', 'Coffee'], ['Sashimi', 'Sushi Rolls', 'Tempura'], ['Chiles Rellenos', 'Tamales'], ['Filet Mignon'], ['Gyoza', 'Ramen Bowls'], ['Quiche']]",215,238,59
Sophia Hall,1999-01-08,2,,"['2023-07-18 20:33:30', '2023-03-05 20:33:30', '2022-10-31 20:33:30', '2023-04-22 20:33:30', '2022-10-26 20:33:30', '2023-06-10 20:33:30']",2023-06-10 20:33,"['Ramen Universe', 'Greek Euphoria', 'Trattoria Amore', 'Spice Delicacies', 'La Dolce Vita', 'Pizzeria Bella']","[['Matcha Parfait'], ['Baklava', 'Gyro Platter'], ['Tiramisu'], ['Masala Chai', 'Biryani'], ['Linguine Carbonara', 'Tiramisu', 'Espresso'], ['Pasta Alfredo', 'Cannoli', 'Margherita Pizza']]",198.5,122,84
Tyler Wright,2000-10-27,2,,"['2022-12-07 20:33:30', '2023-01-11 20:33:30', '2022-09-09 20:33:30']",2022-09-09 20:33,"['Tacos y M?s', 'Pizzeria Bella', 'Fusion Fusion']","[['Quesadillas', 'Margaritas'], ['Pasta Alfredo', 'Cannoli', 'Margherita Pizza'], ['Sushi Tacos', 'Kimchi Fried Rice', 'Cocktails']]",125,124,36
Ursula Garcia,2001-04-12,4,,"['2023-04-30 20:33:30', '2023-04-04 20:33:30', '2023-07-22 20:33:30', '2022-09-02 20:33:30', '2023-02-02 20:33:30']",2023-02-02 20:33,"['Trattoria Bella', 'Bella Luna', 'Dolce Vita', 'Morning Delights', 'Tacos y M?s']","[['Bruschetta'], ['Fettuccine Alfredo', 'T-Bone Steak'], ['Filet Mignon'], ['Coffee'], ['Margaritas', 'Tacos']]",116.5,181,83
Vincent Foster,2002-07-18,3,,"['2022-08-14 20:33:30', '2023-07-10 20:33:30', '2023-03-05 20:33:30', '2023-02-03 20:33:30', '2022-09-24 20:33:30', '2023-08-03 20:33:30', '2023-07-10 20:33:30']",2023-07-10 20:33,"['Greek Euphoria', 'Morning Sunshine', 'Napoli Ristorante', 'Curry Delights', 'Fresh Catch Seafood', 'Bella Vita', 'Tacos y M?s']","[['Gyro Platter', 'Baklava', 'Greek Salad'], ['Omelettes'], ['Margherita Pizza', 'Lasagna', 'Cannoli'], ['Mango Lassi', 'Naan', 'Chicken Curry'], ['Seafood Platter', 'Lobster Tail'], ['Filet Mignon', 'Gnocchi', 'Cannoli'], ['Margaritas', 'Quesadillas', 'Tacos']]",250.5,198,89
Willow Mitchell,2001-06-08,4,,"['2023-05-20 20:33:30', '2022-10-20 20:33:30', '2023-02-01 20:33:30', '2023-08-02 20:33:30', '2022-09-01 20:33:30', '2022-10-31 20:33:30', '2022-08-21 20:33:30', '2022-09-20 20:33:30', '2023-08-09 20:33:30', '2022-10-29 20:33:30']",2022-10-29 20:33,"['Le Petite Patisserie', 'Seafood Harbor', 'Sushi Zen', 'Seafood Delight', 'Morning Sunshine', 'Sushi Serenity', 'Curry House', ""Ocean's Bounty"", 'Sakura Garden', 'Tokyo Delights']","[['Quiche'], ['Clam Chowder', 'Crab Legs', 'Shrimp Scampi'], ['Sushi Rolls'], ['Clam Chowder', 'Shrimp Scampi'], ['Coffee'], ['Sashimi'], ['Vegetable Biryani', 'Chicken Tikka Masala'], ['Crab Legs'], ['Green Tea Ice Cream', 'Udon'], ['Teppanyaki']]",218,345,99
Xavier Reed,1993-09-27,4,,"['2023-07-05 20:33:30', '2023-03-24 20:33:30', '2022-11-18 20:33:30', '2023-07-05 20:33:30']",2023-07-05 20:33,"['Beijing Bistro', 'Tacos y M?s', 'Fusion Fusion', 'Beijing Delights']","[['Orange Chicken', 'Fried Rice', 'Spring Rolls'], ['Quesadillas', 'Tacos', 'Margaritas'], ['Cocktails', 'Sushi Tacos', 'Kimchi Fried Rice'], ['Fried Rice', 'Sweet and Sour Chicken', 'Dumplings']]",119.5,112,89
Yara Patel,1998-03-05,2,,"['2022-12-24 20:33:30', '2023-06-14 20:33:30', '2023-02-22 20:33:30']",2023-02-22 20:33,"['Curry Fusion', 'Curry Fusion', 'Seafood Delight']","[['Chicken Tikka Masala'], ['Vegetable Biryani', 'Chicken Tikka Masala'], ['Crab Legs', 'Shrimp Scampi']]",78,68,64
Zachary Baker,2003-02-10,4,,"['2022-12-27 20:33:30', '2023-02-07 20:33:30', '2022-12-16 20:33:30', '2022-08-30 20:33:30', '2023-01-14 20:33:30', '2023-04-28 20:33:30']",2023-04-28 20:33,"['Belle Cuisine', 'Dolce Vita', 'Ch?teau Cuisine', 'Ramen Haven', 'Napoli Pizzeria', 'Spice Haven']","[['Creme Brulee', 'Escargot'], ['Tiramisu'], ['Escargot'], ['Ramen Bowls'], ['Tiramisu', 'Margherita Pizza', 'Calzone'], ['Chicken Curry', 'Aloo Paratha']]",156.5,221,54
Ava Rodriguez,1993-04-29,1,,"['2022-11-13 20:33:30', '2023-05-26 20:33:30', '2022-12-04 20:33:30', '2023-03-14 20:33:30', '2022-10-14 20:33:30', '2022-12-01 20:33:30', '2022-12-22 20:33:30']",2022-12-22 20:33,"['Le Petite Patisserie', 'Le Petit Cafe', 'Fusion Fusion', 'Beijing Bites', 'Tacos y M?s', 'Sushi Serenity', 'Fusion Fusion']","[['Quiche', 'Pain au Chocolat'], ['Croissant', 'Macarons', 'Beef Bourguignon'], ['Sushi Tacos', 'Cocktails'], ['Dim Sum', 'Kung Pao Chicken', 'Fried Rice'], ['Tacos', 'Quesadillas'], ['Sushi Rolls'], ['Kimchi Fried Rice']]",199,180,64
Benjamin Hayes,2000-09-19,5,,"['2022-08-18 20:33:30', '2023-03-18 20:33:30', '2023-05-21 20:33:30', '2022-09-15 20:33:30', '2023-01-28 20:33:30', '2023-05-05 20:33:30']",2023-05-05 20:33,"['Sushi Zen', 'Beijing Bistro', 'Greek Isles', 'Curry Fusion', 'Morning Munchies', 'Spice Delights']","[['Sashimi', 'Sushi Rolls', 'Tempura'], ['Orange Chicken', 'Spring Rolls'], ['Greek Salad'], ['Chicken Tikka Masala', 'Vegetable Biryani'], ['Coffee'], ['Mango Lassi', 'Naan']]",125,178,53
Charlotte Brown,1994-02-14,4,,"['2023-04-06 20:33:30', '2023-08-12 20:33:30', '2022-10-11 20:33:30', '2023-02-05 20:33:30', '2023-05-14 20:33:30']",2023-05-14 20:33,"['Dolce Vita', 'Sunny Side Bistro', 'Napoli Ristorante', 'Seafood Delight', 'Bistro Francais']","[['Caprese Salad', 'Tiramisu', 'Filet Mignon'], ['Avocado Toast', 'Pancakes', 'Omelettes'], ['Lasagna', 'Cannoli', 'Margherita Pizza'], ['Clam Chowder', 'Shrimp Scampi'], ['Escargot']]",171.5,152,83
David Patel,2000-09-27,3,,"['2023-04-12 20:33:30', '2023-04-10 20:33:30', '2023-01-29 20:33:30', '2022-09-29 20:33:30', '2023-08-11 20:33:30', '2023-02-19 20:33:30', '2023-02-15 20:33:30', '2023-07-16 20:33:30', '2022-08-26 20:33:30']",2022-08-26 20:33,"['Curry Fusion', 'Spice Delicacies', 'Tacos y M?s', 'Ch?teau Cuisine', 'Greek Taverna', 'Opa Greek', 'Pizzeria Bella', 'Ch?teau Cuisine', 'Morning Delights']","[['Chicken Tikka Masala', 'Vegetable Biryani'], ['Biryani'], ['Quesadillas', 'Tacos', 'Margaritas'], ['Beef Bourguignon'], ['Baklava', 'Moussaka'], ['Baklava', 'Greek Salad', 'Souvlaki'], ['Pasta Alfredo', 'Margherita Pizza'], ['Escargot', 'Creme Brulee'], ['Waffles', 'Coffee', 'Breakfast Burritos']]",275.5,297,89
Emma Foster,1999-08-11,5,,"['2023-01-31 20:33:30', '2023-07-22 20:33:30', '2023-05-26 20:33:30', '2023-05-06 20:33:30', '2022-10-23 20:33:30']",2022-10-23 20:33,"['Pizzeria Bella', 'Napoli Ristorante', 'Napoli Ristorante', 'Tokyo Delights', 'Seafood Delight']","[['Cannoli'], ['Margherita Pizza', 'Tiramisu'], ['Lasagna'], ['Tempura'], ['Crab Legs', 'Clam Chowder', 'Shrimp Scampi']]",106,220,52
Finn Wright,1999-10-31,2,,"['2022-09-04 20:33:30', '2022-09-19 20:33:30', '2022-11-20 20:33:30', '2023-02-07 20:33:30', '2023-07-23 20:33:30']",2023-07-23 20:33,"['Tokyo Nights', 'Spice Delights', 'Beijing Delights', 'Curry Fusion', 'Seafood Harbor']","[['Sashimi Platter', 'Matcha Ice Cream'], ['Chicken Curry', 'Naan'], ['Dumplings'], ['Chicken Tikka Masala', 'Vegetable Biryani'], ['Shrimp Scampi', 'Clam Chowder']]",113.5,199,81
Grace Turner,2000-07-15,2,,"['2023-03-25 20:33:30', '2022-08-24 20:33:30', '2023-01-14 20:33:30']",2023-01-14 20:33,"[""Joe's Diner"", 'Curry House', 'Curry Fusion']","[['Salads'], ['Chicken Tikka Masala', 'Vegetable Biryani'], ['Vegetable Biryani', 'Chicken Tikka Masala']]",63.5,79,56
Henry Parker,1997-03-28,2,,"['2022-12-07 20:33:30', '2023-05-06 20:33:30', '2023-04-30 20:33:30', '2023-06-13 20:33:30', '2022-11-20 20:33:30', '2022-11-18 20:33:30', '2023-04-18 20:33:30', '2022-10-06 20:33:30', '2023-06-28 20:33:30', '2022-12-07 20:33:30']",2022-12-07 20:33,"[""Ocean's Bounty"", 'Sakura Garden', 'Ramen Haven', 'Morning Delights', 'Pasta Bella', 'Spice Delights', 'Pizzeria Paradiso', 'Tandoori Nights', 'Dolce Vita', 'Napoli Ristorante']","[['Shrimp Scampi', 'Grilled Salmon'], ['Green Tea Ice Cream', 'Udon', 'Teppanyaki'], ['Ramen Bowls'], ['Breakfast Burritos'], ['Tiramisu', 'Chicken Parmesan'], ['Mango Lassi', 'Chicken Curry', 'Naan'], ['Calzone', 'Cannoli', 'Margherita Pizza'], ['Samosas'], ['Caprese Salad', 'Filet Mignon', 'Tiramisu'], ['Lasagna', 'Margherita Pizza', 'Cannoli']]",334,352,88
Isla Johnson,1994-03-05,1,,"['2022-12-13 20:33:30', '2023-03-11 20:33:30', '2023-06-29 20:33:30', '2023-06-24 20:33:30', '2022-09-15 20:33:30', '2023-08-10 20:33:30', '2022-12-12 20:33:30']",2022-12-12 20:33,"['Trattoria Amore', 'Greek Taverna', 'Greek Euphoria', 'Curry Fusion', 'Tokyo Serenity', 'Global Fusion', 'Trattoria Amore']","[['Lasagna', 'Tiramisu', 'Seafood Linguine'], ['Moussaka', 'Gyro Platter', 'Baklava'], ['Greek Salad', 'Baklava'], ['Chicken Tikka Masala'], ['Sashimi Platter'], ['Sushi Tacos'], ['Tiramisu', 'Lasagna']]",217,208,65
Jacob Davis,1997-03-09,3,,"['2023-06-30 20:33:30', '2022-09-04 20:33:30', '2022-12-03 20:33:30', '2022-09-23 20:33:30']",2022-09-23 20:33,"['Pizzeria Bella', 'Amore Trattoria', 'Napoli Ristorante', 'Ch?teau Cuisine']","[['Pasta Alfredo', 'Margherita Pizza'], ['Tiramisu', 'Caprese Salad'], ['Margherita Pizza'], ['Escargot']]",103.5,164,89
Kennedy Allen,1997-02-21,3,,"['2023-02-04 20:33:30', '2022-08-25 20:33:31', '2023-01-26 20:33:31', '2022-09-09 20:33:31', '2023-03-13 20:33:31', '2022-12-18 20:33:31']",2022-12-18 20:33,"['Le Croissant', 'Fusion Fusion', 'Trattoria Amore', 'Tandoori Nights', 'Osaka Ramen', 'BBQ Haven']","[['Quiche'], ['Cocktails', 'Kimchi Fried Rice', 'Sushi Tacos'], ['Seafood Linguine', 'Lasagna'], ['Samosas', 'Paneer Tikka', 'Tandoori Chicken'], ['Ramen Bowls'], ['Pulled Pork Sandwich', 'Cornbread']]",169.5,175,59
Liam Thompson,1995-02-25,1,,"['2022-10-19 20:33:31', '2023-07-25 20:33:31', '2022-11-28 20:33:31', '2023-02-03 20:33:31', '2022-12-17 20:33:31', '2023-05-23 20:33:31', '2023-07-12 20:33:31']",2023-07-12 20:33,"['Beijing Bites', 'Napoli Ristorante', ""Joe's Diner"", 'Sushi Serenity', 'Casa de Tapas', ""Ocean's Bounty"", 'Greek Euphoria']","[['Fried Rice', 'Kung Pao Chicken'], ['Tiramisu', 'Lasagna'], ['Salads', 'Pancakes', 'Burgers'], ['Sashimi', 'Sushi Rolls'], ['Paella', 'Churros', 'Patatas Bravas'], ['Shrimp Scampi'], ['Gyro Platter']]",160,261,63
Mia Hernandez,2002-12-05,2,,"['2023-04-02 20:33:31', '2023-03-27 20:33:31', '2022-12-31 20:33:31', '2023-06-30 20:33:31', '2023-02-13 20:33:31']",2023-02-13 20:33,"['Opa Greek', 'Napoli Ristorante', 'Global Fusion', ""Mama's Kitchen"", 'Tokyo Serenity']","[['Souvlaki', 'Baklava', 'Greek Salad'], ['Lasagna'], ['Sushi Tacos', 'Kimchi Fried Rice'], ['Pasta', 'Gelato'], ['Teriyaki', 'Green Tea Ice Cream']]",133.5,167,95
Nathan Mitchell,1993-11-06,3,,"['2022-08-24 20:33:31', '2022-11-06 20:33:31', '2023-07-15 20:33:31', '2023-01-12 20:33:31', '2022-09-04 20:33:31', '2022-10-15 20:33:31', '2023-07-13 20:33:31']",2023-07-13 20:33,"['Ch?teau Cuisine', 'Beijing Bistro', 'Le Petite Patisserie', 'Ramen Haven', 'Trattoria Bella', 'Fusion Fusion', 'Sushi Serenity']","[['Creme Brulee', 'Escargot'], ['Orange Chicken'], ['Quiche', 'Croissant', 'Pain au Chocolat'], ['Matcha Ice Cream', 'Gyoza'], ['Tiramisu'], ['Fusion Cocktails', 'Kimchi Tacos', 'Sushi Burritos'], ['Sashimi', 'Miso Soup']]",229,199,84
Olivia Carter,2000-02-09,2,,"['2022-11-03 20:33:31', '2023-01-20 20:33:31', '2022-11-27 20:33:31', '2023-08-02 20:33:31', '2023-05-05 20:33:31']",2023-05-05 20:33,"['Global Fusion', 'Greek Euphoria', 'Curry Fusion', 'Ramen Haven', 'Tokyo Delights']","[['Kimchi Fried Rice', 'Sushi Tacos'], ['Baklava'], ['Vegetable Biryani'], ['Matcha Ice Cream', 'Gyoza', 'Ramen Bowls'], ['Miso Soup', 'Tempura', 'Teppanyaki']]",140,194,69
Peter Allen,1993-12-26,5,,"['2023-05-27 20:33:31', '2023-01-08 20:33:31', '2023-06-30 20:33:31']",2023-06-30 20:33,"['Ch?teau Cuisine', 'Greek Isles', 'Casa de Tapas']","[['Escargot', 'Creme Brulee'], ['Spanakopita'], ['Paella', 'Patatas Bravas']]",87.5,98,58
Quinn Edwards,1998-11-16,4,,"['2023-01-25 20:33:31', '2023-04-05 20:33:31', '2023-02-01 20:33:31', '2023-01-09 20:33:31', '2023-02-06 20:33:31', '2023-06-19 20:33:31']",2023-06-19 20:33,"['La Dolce Vita', 'Seafood Delight', 'Tacos y M?s', 'Tacos y M?s', 'Tacos y M?s', 'Morning Delights']","[['Espresso'], ['Clam Chowder', 'Shrimp Scampi', 'Crab Legs'], ['Tacos', 'Quesadillas'], ['Margaritas', 'Tacos', 'Quesadillas'], ['Tacos'], ['Breakfast Burritos', 'Coffee']]",163,231,54
Ruby Lee,1995-08-13,3,,"['2023-07-13 20:33:31', '2022-10-04 20:33:31', '2022-08-22 20:33:31', '2023-06-11 20:33:31', '2023-07-28 20:33:31', '2023-04-24 20:33:31']",2023-04-24 20:33,"['Fresh Catch Seafood', 'Fusion Fusion', 'Spice Delights', 'Tacos y M?s', 'Casa de Tapas', 'Le Parfait']","[['Lobster Tail'], ['Kimchi Fried Rice', 'Sushi Tacos', 'Cocktails'], ['Chicken Curry'], ['Quesadillas', 'Margaritas', 'Tacos'], ['Churros', 'Paella', 'Patatas Bravas'], ['Creme Brulee', 'Foie Gras']]",202,242,57
Samuel Mitchell,2000-07-06,3,,"['2022-12-26 20:33:31', '2023-06-23 20:33:31', '2023-04-04 20:33:31', '2022-08-24 20:33:31', '2022-12-08 20:33:31', '2022-08-16 20:33:31']",2022-08-16 20:33,"['Ch?teau Cuisine', 'Tacos y M?s', 'Delightful Eats', 'Greek Euphoria', 'Morning Delights', 'La Dolce Vita']","[['Beef Bourguignon', 'Escargot'], ['Margaritas', 'Quesadillas', 'Tacos'], ['Milkshakes'], ['Baklava', 'Gyro Platter'], ['Breakfast Burritos', 'Coffee', 'Waffles'], ['Espresso', 'Tiramisu']]",173,185,100
Taylor Clark,2002-09-28,1,,"['2022-10-31 20:33:31', '2022-08-27 20:33:31', '2023-06-11 20:33:31', '2023-05-01 20:33:31', '2023-03-24 20:33:31', '2023-08-10 20:33:31', '2022-09-23 20:33:31']",2022-09-23 20:33,"['Ramen Haven', 'Tokyo Serenity', 'Tokyo Serenity', 'Pasta Bella', 'Morning Delights', 'Sunrise Cafe', 'Petite Boulangerie']","[['Gyoza', 'Matcha Ice Cream'], ['Teriyaki'], ['Teriyaki', 'Sashimi Platter', 'Green Tea Ice Cream'], ['Tiramisu', 'Chicken Parmesan', 'Penne Arrabbiata'], ['Breakfast Burritos', 'Coffee', 'Waffles'], ['Breakfast Sandwiches', 'Waffles', 'Coffee'], ['Quiche', 'Pain aux Raisins']]",228.5,244,58
Victoria Green,2001-04-06,3,,"['2023-07-25 20:33:31', '2023-07-07 20:33:31', '2022-11-21 20:33:31']",2022-11-21 20:33,"['Trattoria Amore', 'Fusion Flavors', 'Tokyo Fusion']","[['Seafood Linguine', 'Tiramisu', 'Lasagna'], ['Sushi Tacos', 'Curry Pizza'], ['Tempura Tacos', 'Sushi Burritos']]",131.5,136,47
William Turner,1999-08-04,3,,"['2022-11-27 20:33:31', '2022-09-20 20:33:31', '2023-03-05 20:33:31', '2022-12-04 20:33:31', '2023-07-19 20:33:31', '2023-01-02 20:33:31', '2023-04-28 20:33:31']",2023-04-28 20:33,"['Ch?teau Cuisine', 'Bella Luna', 'Tokyo Serenity', 'Tokyo Fusion', 'Trattoria Bella', 'Beijing Bistro', 'Pasta Paradise']","[['Beef Bourguignon', 'Creme Brulee', 'Escargot'], ['T-Bone Steak', 'Cannoli', 'Fettuccine Alfredo'], ['Teriyaki', 'Sashimi Platter'], ['Sushi Burritos'], ['Bruschetta', 'Tiramisu'], ['Spring Rolls', 'Orange Chicken'], ['Tiramisu', 'Ravioli']]",259.5,189,63
Zoe Martinez,1999-02-14,1,,"['2022-10-04 20:33:31', '2023-02-09 20:33:31', '2023-05-14 20:33:31', '2023-05-20 20:33:31', '2023-08-03 20:33:31', '2023-05-02 20:33:31', '2023-06-29 20:33:31']",2023-06-29 20:33,"['Morning Delights', 'Napoli Ristorante', 'Sushi Oasis', 'Greek Taverna', 'Ramen Haven', 'Fusion Fusion', 'Pasta Paradise']","[['Waffles'], ['Tiramisu', 'Margherita Pizza', 'Lasagna'], ['Miso Soup', 'Sushi Rolls'], ['Gyro Platter', 'Moussaka', 'Baklava'], ['Gyoza'], ['Kimchi Tacos', 'Fusion Cocktails', 'Sushi Burritos'], ['Tiramisu', 'Spaghetti Carbonara']]",215,228,55
Alex Walker,1998-09-03,1,,"['2022-08-25 20:33:31', '2022-09-18 20:33:31', '2022-09-15 20:33:31', '2023-08-01 20:33:31', '2023-01-23 20:33:31', '2022-11-27 20:33:31', '2023-03-21 20:33:31', '2022-11-11 20:33:31', '2023-06-16 20:33:31']",2023-06-16 20:33,"['Curry Fusion', 'Tokyo Serenity', 'Tandoori Nights', 'Morning Sunshine', 'Rise and Dine', 'Napoli Trattoria', 'Morning Delights', 'Greek Taverna', 'Tasty Tacos']","[['Chicken Tikka Masala'], ['Teriyaki'], ['Samosas', 'Paneer Tikka', 'Tandoori Chicken'], ['Coffee', 'Omelettes'], ['Pancakes'], ['Margherita Pizza'], ['Coffee', 'Waffles', 'Breakfast Burritos'], ['Gyro Platter', 'Moussaka', 'Baklava'], ['Margaritas', 'Tacos', 'Burritos']]",200,357,76
Bella Carter,2002-08-15,3,,"['2023-07-19 20:33:31', '2023-06-13 20:33:31', '2022-09-28 20:33:31', '2022-09-02 20:33:31', '2023-01-18 20:33:31', '2023-06-24 20:33:31']",2023-06-24 20:33,"['Morning Sunshine', 'Greek Euphoria', 'Bella Vita', 'Greek Euphoria', 'Tokyo Serenity', 'Greek Isles']","[['Pancakes'], ['Greek Salad'], ['Gnocchi'], ['Baklava'], ['Teriyaki'], ['Souvlaki', 'Spanakopita', 'Greek Salad']]",104,222,53
Caleb Mitchell,1995-06-09,2,,"['2023-05-14 20:33:31', '2023-04-25 20:33:31', '2022-08-23 20:33:31', '2022-09-07 20:33:31', '2023-04-25 20:33:31', '2023-01-21 20:33:31', '2023-07-19 20:33:31', '2022-09-17 20:33:31']",2022-09-17 20:33,"['Tokyo Serenity', 'Zen Sushi', 'Seafood Delight', 'Napoli Ristorante', 'Ramen Haven', 'Greek Euphoria', 'La Dolce Vita', 'Spice Delights']","[['Teriyaki', 'Green Tea Ice Cream', 'Sashimi Platter'], ['Sashimi'], ['Shrimp Scampi', 'Clam Chowder'], ['Margherita Pizza', 'Cannoli'], ['Gyoza', 'Ramen Bowls', 'Matcha Ice Cream'], ['Baklava'], ['Linguine Carbonara', 'Espresso', 'Tiramisu'], ['Chicken Curry']]",233,214,88
Dakota Foster,1996-09-01,5,,"['2023-02-10 20:33:31', '2023-06-30 20:33:31', '2023-05-26 20:33:31', '2023-03-27 20:33:31', '2022-08-30 20:33:31', '2023-06-28 20:33:31', '2023-01-03 20:33:31', '2023-07-05 20:33:31']",2023-07-05 20:33,"['Morning Sunshine', 'Le Petite Patisserie', 'Dolce Vita', 'Fusion Fusion', 'La Dolce Vita', 'Tacos y M?s', 'Ch?teau Cuisine', 'Mediterranean Breeze']","[['Coffee'], ['Pain au Chocolat', 'Croissant'], ['Caprese Salad'], ['Sushi Burritos', 'Fusion Cocktails'], ['Espresso'], ['Margaritas', 'Tacos'], ['Escargot', 'Beef Bourguignon', 'Creme Brulee'], ['Gyro Wrap', 'Greek Salad', 'Spanakopita']]",249.5,244,63
Elijah Hayes,2003-08-24,1,,"['2022-08-23 20:33:31', '2023-01-17 20:33:31', '2022-10-21 20:33:31', '2022-09-14 20:33:31', '2022-09-01 20:33:31', '2023-06-04 20:33:31', '2022-10-02 20:33:31', '2022-11-03 20:33:31', '2022-10-11 20:33:31']",2022-10-11 20:33,"['Pasta Paradise', 'Buona Sera', 'Sunrise Cafe', 'Trattoria Bella', 'Dolce Vita', 'Tokyo Fusion', 'Pizzeria Paradiso', ""Joe's Diner"", 'Fusion Fusion']","[['Ravioli'], ['Osso Buco', 'Tiramisu'], ['Breakfast Sandwiches', 'Waffles', 'Coffee'], ['Chicken Marsala'], ['Filet Mignon'], ['Ramen Burger', 'Tempura Tacos'], ['Margherita Pizza', 'Cannoli', 'Calzone'], ['Salads'], ['Sushi Tacos']]",233.5,370,79
Fiona Turner,1998-03-22,1,,"['2023-08-04 20:33:31', '2023-06-12 20:33:31', '2022-12-17 20:33:31', '2022-09-22 20:33:31', '2022-10-26 20:33:31', '2022-09-09 20:33:31']",2022-09-09 20:33,"['Sushi Oasis', 'Morning Delights', 'Seafood Delight', 'Morning Munchies', 'Tacos y M?s', 'Dolce Vita']","[['Sashimi', 'Miso Soup', 'Sushi Rolls'], ['Breakfast Burritos'], ['Clam Chowder', 'Crab Legs', 'Shrimp Scampi'], ['Breakfast Burritos', 'Coffee', 'French Toast'], ['Margaritas', 'Tacos', 'Quesadillas'], ['Tiramisu', 'Caprese Salad']]",194.5,177,68
Gabriel Scott,1998-12-12,5,,"['2023-02-07 20:33:31', '2022-10-09 20:33:31', '2022-11-14 20:33:31', '2023-03-11 20:33:31', '2022-12-18 20:33:31']",2022-12-18 20:33,"['Mediterranean Breeze', 'Amore Trattoria', 'Ramen Haven', 'Gourmet Grind', 'Bella Luna']","[['Gyro Wrap', 'Spanakopita'], ['Caprese Salad'], ['Ramen Bowls', 'Matcha Ice Cream'], ['Coffee'], ['Fettuccine Alfredo', 'Cannoli', 'T-Bone Steak']]",146,158,99
Hannah White,1995-05-27,2,,"['2022-09-22 20:33:31', '2023-07-22 20:33:31', '2023-05-25 20:33:31', '2022-12-23 20:33:31', '2022-09-16 20:33:31']",2022-09-16 20:33,"['Zen Sushi', 'Pizzeria Bella', 'Beijing Delights', 'Opa Greek', 'Napoli Ristorante']","[['Sashimi', 'Sushi Rolls'], ['Pasta Alfredo', 'Cannoli'], ['Sweet and Sour Chicken', 'Fried Rice'], ['Baklava', 'Greek Salad', 'Souvlaki'], ['Lasagna']]",126.5,154,59
Isaac Miller,1994-08-24,5,,"['2023-02-25 20:33:31', '2022-12-29 20:33:31', '2022-09-13 20:33:31', '2023-04-19 20:33:31', '2022-11-18 20:33:31', '2023-06-24 20:33:31', '2023-03-30 20:33:31', '2023-01-19 20:33:31']",2023-01-19 20:33,"['Global Fusion', 'Greek Euphoria', 'Spicy Curry', 'Noodle House', 'Pasta Paradise', 'BBQ Haven', 'Tokyo Fusion', 'Sushi Zen']","[['Sushi Tacos', 'Fusion Cocktails'], ['Baklava', 'Gyro Platter'], ['Aloo Gobi', 'Mango Lassi', 'Chicken Vindaloo'], ['Spring Rolls', 'Pad See Ew', 'Pho'], ['Ravioli', 'Spaghetti Carbonara', 'Tiramisu'], ['Ribs', 'Pulled Pork Sandwich', 'Cornbread'], ['Ramen Burger'], ['Sashimi', 'Tempura']]",254.5,306,73
Jasmine King,1996-10-09,4,,"['2022-11-04 20:33:31', '2023-01-16 20:33:31', '2023-05-29 20:33:31', '2023-07-09 20:33:31', '2023-03-01 20:33:31', '2023-02-23 20:33:31', '2022-11-17 20:33:31']",2022-11-17 20:33,"['Pizzeria Bella', 'Ramen Haven', 'La Dolce Vita', 'Ramen Haven', 'Pizzeria Paradiso', 'BBQ Haven', 'Beijing Bistro']","[['Cannoli'], ['Matcha Ice Cream'], ['Espresso'], ['Matcha Ice Cream'], ['Cannoli', 'Margherita Pizza'], ['Cornbread', 'Ribs', 'Pulled Pork Sandwich'], ['Orange Chicken', 'Fried Rice']]",149.5,217,92
Kevin Turner,1999-10-06,3,,"['2023-02-19 20:33:31', '2023-03-03 20:33:31', '2023-03-17 20:33:31']",2023-03-17 20:33,"['Tokyo Nights', ""Ocean's Bounty"", 'La Dolce Vita']","[['Tempura', 'Sashimi Platter'], ['Crab Legs', 'Shrimp Scampi'], ['Linguine Carbonara']]",81.5,80,47
Lily Martinez,1999-07-21,1,,"['2023-03-27 20:33:31', '2023-05-12 20:33:31', '2022-11-25 20:33:31', '2023-08-02 20:33:31', '2022-08-19 20:33:31', '2023-03-14 20:33:31']",2023-03-14 20:33,"['Seafood Delight', 'Morning Sunshine', 'Ramen Haven', 'Spice Delights', 'Tacos y M?s', 'Sushi Serenity']","[['Shrimp Scampi', 'Clam Chowder', 'Crab Legs'], ['Omelettes', 'Pancakes', 'Coffee'], ['Matcha Ice Cream', 'Gyoza', 'Ramen Bowls'], ['Mango Lassi', 'Naan'], ['Tacos'], ['Miso Soup']]",167.5,244,98
Mason Johnson,1994-11-01,5,,"['2022-12-20 20:33:31', '2023-06-29 20:33:31', '2023-01-28 20:33:31', '2023-01-09 20:33:31', '2022-12-26 20:33:31', '2023-03-31 20:33:31', '2023-06-15 20:33:31', '2022-11-15 20:33:31']",2022-11-15 20:33,"['Dolce Vita', 'Sushi Serenity', 'Sushi Serenity', 'Ramen King', 'Sabor Mexicano', 'Morning Sunshine', 'Curry Palace', 'Sushi Serenity']","[['Tiramisu'], ['Miso Soup', 'Sashimi', 'Sushi Rolls'], ['Miso Soup'], ['Takoyaki', 'Matcha Parfait'], ['Chiles Rellenos'], ['Omelettes', 'Coffee'], ['Butter Chicken', 'Biryani', 'Naan'], ['Sushi Rolls', 'Sashimi', 'Miso Soup']]",231.5,293,65
Natalie Allen,2003-01-12,4,,"['2023-05-15 20:33:31', '2023-02-11 20:33:31', '2023-06-09 20:33:31', '2023-04-19 20:33:31', '2022-09-15 20:33:31', '2023-07-05 20:33:31', '2023-02-07 20:33:31', '2022-10-13 20:33:31', '2023-01-05 20:33:31']",2023-01-05 20:33,"['Osaka Ramen', 'Tokyo Serenity', 'Trattoria Amore', 'Tokyo Serenity', 'Dolce Vita', 'Tacos y M?s', 'Beijing Bistro', 'Morning Sunshine', 'Le Parfait']","[['Gyoza', 'Matcha Ice Cream', 'Ramen Bowls'], ['Teriyaki', 'Sashimi Platter'], ['Seafood Linguine'], ['Sashimi Platter'], ['Caprese Salad'], ['Margaritas', 'Quesadillas'], ['Fried Rice'], ['Coffee'], ['Foie Gras', 'Coq au Vin']]",210,205,90
Owen Davis,2001-12-28,2,,"['2022-12-01 20:33:31', '2023-04-06 20:33:31', '2022-12-14 20:33:31', '2022-11-26 20:33:31', '2023-03-03 20:33:31', '2022-12-20 20:33:31', '2023-02-27 20:33:31', '2023-01-16 20:33:31', '2023-03-13 20:33:31']",2023-03-13 20:33,"['Pizzeria Bella', 'Spice Delights', 'Seafood Delight', 'Ramen Haven', 'Fusion Fusion', 'Beijing Bistro', 'Tacos y M?s', 'Curry Palace', 'Ch?teau Cuisine']","[['Margherita Pizza', 'Pasta Alfredo', 'Cannoli'], ['Chicken Curry', 'Naan'], ['Crab Legs'], ['Ramen Bowls'], ['Sushi Tacos'], ['Orange Chicken', 'Spring Rolls', 'Fried Rice'], ['Tacos'], ['Butter Chicken'], ['Creme Brulee', 'Beef Bourguignon']]",199,269,79
Peyton Lee,2003-08-24,1,,"['2023-07-17 20:33:31', '2023-03-18 20:33:31', '2023-03-12 20:33:31', '2023-07-20 20:33:31', '2023-06-21 20:33:31', '2022-09-13 20:33:31', '2023-08-03 20:33:31', '2023-03-02 20:33:31', '2023-08-06 20:33:31']",2023-08-06 20:33,"['Pasta Paradise', 'Curry Delights', 'Ramen Haven', 'Le Petite Patisserie', 'Spice Delights', 'Spicy Curry', 'Tandoori Nights', 'Ramen King', 'Fusion Fusion']","[['Tiramisu', 'Spaghetti Carbonara', 'Ravioli'], ['Chicken Curry'], ['Matcha Ice Cream', 'Ramen Bowls', 'Gyoza'], ['Croissant'], ['Chicken Curry'], ['Aloo Gobi'], ['Tandoori Chicken', 'Samosas'], ['Ramen Bowls', 'Takoyaki', 'Matcha Parfait'], ['Cocktails']]",215.5,345,95
Quinn Martinez,1993-10-26,1,,"['2023-07-05 20:33:31', '2023-03-12 20:33:31', '2023-07-25 20:33:31', '2023-04-11 20:33:31', '2023-01-02 20:33:31']",2023-01-02 20:33,"['Curry Fusion', 'Beijing Bistro', 'Greek Euphoria', 'Beijing Bistro', 'Ramen Haven']","[['Chicken Tikka Masala', 'Vegetable Biryani'], ['Fried Rice', 'Spring Rolls', 'Orange Chicken'], ['Greek Salad', 'Baklava', 'Gyro Platter'], ['Orange Chicken', 'Fried Rice'], ['Ramen Bowls']]",101,95,79
Riley Turner,1999-09-21,2,,"['2023-07-22 20:33:31', '2023-07-21 20:33:31', '2023-06-01 20:33:31', '2023-07-28 20:33:31']",2023-07-28 20:33,"['Dolce Vita', 'Le Petite Patisserie', 'BBQ Haven', 'Sakura Garden']","[['Caprese Salad', 'Filet Mignon', 'Tiramisu'], ['Croissant', 'Pain au Chocolat'], ['Cornbread', 'Pulled Pork Sandwich', 'Ribs'], ['Green Tea Ice Cream', 'Teppanyaki']]",163.5,130,74
Sophia Adams,1996-04-26,4,,"['2023-07-22 20:33:31', '2023-03-04 20:33:31', '2022-08-13 20:33:31', '2022-12-26 20:33:31', '2023-06-10 20:33:31']",2023-06-10 20:33,"[""Joe's Diner"", 'Tokyo Serenity', 'Fusion Fusion', 'La Dolce Vita', 'Tokyo Serenity']","[['Pancakes', 'Burgers'], ['Green Tea Ice Cream', 'Sashimi Platter', 'Teriyaki'], ['Sushi Tacos', 'Cocktails', 'Kimchi Fried Rice'], ['Tiramisu', 'Linguine Carbonara'], ['Teriyaki', 'Sashimi Platter']]",178.5,135,94
Tyler Baker,1997-11-20,2,,"['2022-08-29 20:33:31', '2023-01-02 20:33:31', '2022-10-27 20:33:31', '2023-07-22 20:33:31']",2023-07-22 20:33,"['Seafood Delight', 'Spice Delights', 'Curry House', ""Ocean's Bounty""]","[['Clam Chowder', 'Crab Legs', 'Shrimp Scampi'], ['Chicken Curry', 'Naan', 'Mango Lassi'], ['Vegetable Biryani'], ['Crab Legs', 'Grilled Salmon']]",122.5,138,77
Ursula Foster,2000-09-17,4,,"['2023-07-02 20:33:31', '2022-12-05 20:33:31', '2023-03-19 20:33:31', '2023-06-16 20:33:31', '2022-10-13 20:33:31', '2023-01-20 20:33:31', '2022-09-13 20:33:31', '2022-09-25 20:33:31', '2022-09-17 20:33:31', '2023-07-31 20:33:31']",2023-07-31 20:33,"['Morning Delights', 'Pizzeria Bella', 'Tacos y M?s', 'La Dolce Vita', 'Dolce Vita', 'Spice Delights', 'Greek Euphoria', 'Fusion Flavors', 'Tokyo Fusion', 'Sushi Serenity']","[['Waffles', 'Breakfast Burritos'], ['Margherita Pizza', 'Pasta Alfredo'], ['Quesadillas'], ['Tiramisu'], ['Caprese Salad', 'Tiramisu', 'Filet Mignon'], ['Naan'], ['Greek Salad'], ['Teriyaki Burger'], ['Sushi Burritos', 'Tempura Tacos', 'Ramen Burger'], ['Sashimi', 'Miso Soup']]",257.5,384,75
Vincent Mitchell,1995-04-10,1,,"['2022-08-21 20:33:31', '2022-12-15 20:33:31', '2023-03-13 20:33:31', '2023-02-15 20:33:31', '2022-12-08 20:33:31', '2023-07-19 20:33:31', '2023-05-07 20:33:31']",2023-05-07 20:33,"['Fusion Fusion', ""Ocean's Bounty"", 'Tacos y M?s', 'Fusion Flavors', 'Sakura Garden', 'Dolce Vita', 'Tokyo Serenity']","[['Cocktails'], ['Grilled Salmon', 'Crab Legs'], ['Margaritas', 'Quesadillas'], ['Sushi Tacos'], ['Green Tea Ice Cream'], ['Tiramisu'], ['Green Tea Ice Cream', 'Teriyaki', 'Sashimi Platter']]",175,255,92
Willow Carter,1995-02-26,5,,"['2022-09-25 20:33:31', '2023-01-25 20:33:31', '2022-10-05 20:33:31', '2023-07-28 20:33:31', '2022-08-23 20:33:31', '2022-08-15 20:33:31', '2022-08-13 20:33:31', '2023-01-04 20:33:31', '2022-10-01 20:33:31']",2022-10-01 20:33,"['Tokyo Delights', 'Spice Delight', 'Tasty Tacos', 'Ramen Haven', 'Fusion Fusion', 'Tokyo Serenity', 'Napoli Ristorante', 'Gourmet Grind', 'Ramen Haven']","[['Miso Soup', 'Teppanyaki', 'Tempura'], ['Tom Yum Soup', 'Green Curry'], ['Margaritas', 'Burritos', 'Tacos'], ['Gyoza'], ['Cocktails'], ['Teriyaki'], ['Lasagna', 'Tiramisu'], ['Coffee', 'Eggs Benedict'], ['Matcha Ice Cream']]",175.5,235,93
Xavier Allen,1994-05-21,5,,"['2022-10-02 20:33:31', '2023-03-16 20:33:31', '2022-08-27 20:33:31', '2023-05-01 20:33:31', '2023-07-24 20:33:31', '2023-05-08 20:33:31', '2023-07-21 20:33:31', '2022-10-03 20:33:31', '2022-12-19 20:33:31', '2022-11-25 20:33:31']",2022-11-25 20:33,"['Greek Euphoria', 'Global Fusion', 'Beijing Bistro', 'Sakura Garden', 'Beijing Bites', 'Tokyo Serenity', 'Belle Cuisine', 'Fusion Fusion', 'Tacos y M?s', 'Tacos y M?s']","[['Gyro Platter', 'Greek Salad'], ['Fusion Cocktails'], ['Fried Rice', 'Orange Chicken'], ['Green Tea Ice Cream', 'Teppanyaki'], ['Dim Sum', 'Kung Pao Chicken'], ['Teriyaki', 'Green Tea Ice Cream'], ['Creme Brulee'], ['Kimchi Fried Rice', 'Sushi Tacos'], ['Margaritas', 'Quesadillas', 'Tacos'], ['Margaritas', 'Quesadillas', 'Tacos']]",239.5,316,109
Yara Williams,1994-03-07,4,,"['2022-11-03 20:33:31', '2023-02-19 20:33:31', '2023-04-21 20:33:31', '2022-11-10 20:33:31', '2022-09-09 20:33:31', '2023-07-10 20:33:31', '2023-06-19 20:33:31', '2023-02-05 20:33:31']",2023-02-05 20:33,"['Sakura Garden', 'Fresh Catch Seafood', 'Seafood Delight', 'Pizzeria Paradiso', 'Tokyo Serenity', 'Trattoria Amore', 'Morning Sunshine', 'Le Petite Patisserie']","[['Udon', 'Teppanyaki'], ['Lobster Tail', 'Seafood Platter', 'Crab Cakes'], ['Crab Legs'], ['Calzone', 'Cannoli', 'Margherita Pizza'], ['Green Tea Ice Cream', 'Sashimi Platter'], ['Tiramisu', 'Seafood Linguine', 'Lasagna'], ['Coffee', 'Omelettes'], ['Quiche']]",270,291,55
Zachary Johnson,2001-08-09,1,,"['2023-01-23 20:33:31', '2023-03-23 20:33:31', '2022-08-16 20:33:31', '2023-01-28 20:33:31', '2023-08-05 20:33:31']",2023-08-05 20:33,"['Dolce Vita', 'Morning Delights', 'Beijing Bistro', 'Fusion Fusion', 'Tokyo Serenity']","[['Tiramisu', 'Filet Mignon', 'Caprese Salad'], ['Waffles', 'Coffee'], ['Orange Chicken'], ['Cocktails', 'Sushi Tacos'], ['Teriyaki', 'Green Tea Ice Cream']]",142.5,148,89
Ava Martinez,2003-04-19,1,,"['2022-09-24 20:33:31', '2023-07-22 20:33:31', '2023-08-07 20:33:31', '2023-01-06 20:33:31', '2023-03-24 20:33:31', '2023-01-18 20:33:31', '2023-02-02 20:33:31', '2023-06-01 20:33:31', '2022-10-21 20:33:31']",2022-10-21 20:33,"['Morning Delights', 'Curry Fusion', 'Beijing Bistro', 'Bella Trattoria', 'Bella Luna', 'Trattoria Amore', 'BBQ Haven', 'Dolce Vita', 'Dolce Vita']","[['Waffles'], ['Vegetable Biryani', 'Chicken Tikka Masala'], ['Spring Rolls'], ['Tiramisu', 'Osso Buco'], ['T-Bone Steak', 'Cannoli'], ['Seafood Linguine', 'Lasagna'], ['Cornbread', 'Pulled Pork Sandwich'], ['Caprese Salad', 'Tiramisu', 'Filet Mignon'], ['Tiramisu', 'Filet Mignon']]",285,374,95
Benjamin Turner,1995-03-22,5,,"['2022-12-09 20:33:31', '2022-09-05 20:33:31', '2023-05-05 20:33:31', '2023-03-10 20:33:31', '2022-12-28 20:33:31']",2022-12-28 20:33,"['Spice Delights', 'Napoli Pizzeria', 'La Cantina', 'Napoli Ristorante', 'Spice Delights']","[['Mango Lassi', 'Chicken Curry'], ['Tiramisu', 'Calzone'], ['Enchiladas', 'Tacos'], ['Lasagna', 'Margherita Pizza', 'Cannoli'], ['Naan', 'Mango Lassi']]",112.5,187,91
